workload,structure,n,operation,average_time_ns,metric,theoretical_complexity
Workload 1,Dynamic Array,100,get,324900,10000,Theta(1)
Workload 1,Linked List,100,get,1076900,511508,Theta(n)
Workload 1,Dynamic Array,1000,get,70380,10000,Theta(1)
Workload 1,Linked List,1000,get,6229200,5015208,Theta(n)
Workload 1,Dynamic Array,10000,get,20660,10000,Theta(1)
Workload 1,Linked List,10000,get,65621320,50139208,Theta(n)
Workload 1,Dynamic Array,100000,get,6420,10000,Theta(1)
Workload 1,Linked List,100000,get,785197540,502499208,Theta(n)
Workload 2,Dynamic Array,100,contains,373280,95046,Theta(n)
Workload 2,Linked List,100,contains,334520,95046,Theta(n)
Workload 2,Dynamic Array,1000,contains,646920,500092,Theta(n)
Workload 2,Linked List,1000,contains,1004780,500092,Theta(n)
Workload 2,Dynamic Array,10000,contains,170000,500092,Theta(n)
Workload 2,Linked List,10000,contains,840080,500092,Theta(n)
Workload 2,Dynamic Array,100000,contains,168600,500092,Theta(n)
Workload 2,Linked List,100000,contains,745760,500092,Theta(n)
Workload 3,Dynamic Array,100,insert-Beginning,1495740,599500,Theta(n)
Workload 3,Linked List,100,insert-Beginning,46300,1000,Theta(1)
Workload 3,Dynamic Array,100,remove-Beginning,2294940,599500,Theta(n)
Workload 3,Linked List,100,remove-Beginning,26140,1000,Theta(1)
Workload 3,Dynamic Array,100,insert-Middle,72740,549500,Theta(n)
Workload 3,Linked List,100,insert-Middle,137900,2000,Theta(n)
Workload 3,Dynamic Array,100,remove-Middle,45140,549500,Theta(n)
Workload 3,Linked List,100,remove-Middle,116240,1000,Theta(n)
Workload 3,Dynamic Array,1000,insert-Beginning,131040,1499500,Theta(n)
Workload 3,Linked List,1000,insert-Beginning,21840,1000,Theta(1)
Workload 3,Dynamic Array,1000,remove-Beginning,76040,1499500,Theta(n)
Workload 3,Linked List,1000,remove-Beginning,20100,1000,Theta(1)
Workload 3,Dynamic Array,1000,insert-Middle,100380,999500,Theta(n)
Workload 3,Linked List,1000,insert-Middle,629240,2000,Theta(n)
Workload 3,Dynamic Array,1000,remove-Middle,56200,999500,Theta(n)
Workload 3,Linked List,1000,remove-Middle,583940,1000,Theta(n)
Workload 3,Dynamic Array,10000,insert-Beginning,768180,10499500,Theta(n)
Workload 3,Linked List,10000,insert-Beginning,16840,1000,Theta(1)
Workload 3,Dynamic Array,10000,remove-Beginning,557520,10499500,Theta(n)
Workload 3,Linked List,10000,remove-Beginning,6620,1000,Theta(1)
Workload 3,Dynamic Array,10000,insert-Middle,251460,5499500,Theta(n)
Workload 3,Linked List,10000,insert-Middle,6509980,2000,Theta(n)
Workload 3,Dynamic Array,10000,remove-Middle,262660,5499500,Theta(n)
Workload 3,Linked List,10000,remove-Middle,6514560,1000,Theta(n)
Workload 3,Dynamic Array,100000,insert-Beginning,8446900,100499500,Theta(n)
Workload 3,Linked List,100000,insert-Beginning,5100,1000,Theta(1)
Workload 3,Dynamic Array,100000,remove-Beginning,11206720,100499500,Theta(n)
Workload 3,Linked List,100000,remove-Beginning,2880,1000,Theta(1)
Workload 3,Dynamic Array,100000,insert-Middle,2527780,50499500,Theta(n)
Workload 3,Linked List,100000,insert-Middle,88850780,2000,Theta(n)
Workload 3,Dynamic Array,100000,remove-Middle,4809960,50499500,Theta(n)
Workload 3,Linked List,100000,remove-Middle,79601200,1000,Theta(n)
Workload 4,Min-Heap,100,insert,16460,194,Theta(n log n)
Workload 4,Min-Heap,100,extractMin,37180,841,Theta(n log n)
Workload 4,Min-Heap,1000,insert,80140,2232,Theta(n log n)
Workload 4,Min-Heap,1000,extractMin,122440,14994,Theta(n log n)
Workload 4,Min-Heap,10000,insert,434780,22593,Theta(n log n)
Workload 4,Min-Heap,10000,extractMin,789680,216736,Theta(n log n)
Workload 4,Min-Heap,100000,insert,1948780,227662,Theta(n log n)
Workload 4,Min-Heap,100000,extractMin,8013440,2831463,Theta(n log n)
